Campaign,Ad Group,Keyword,Match Type
MJ | Search | Strony WWW,Strona dla firmy,strona internetowa dla firmy,Exact
MJ | Search | Strony WWW,Strona dla firmy,strona internetowa dla firmy,Phrase
MJ | Search | Strony WWW,Strona dla firmy,strona www dla firmy,Exact
MJ | Search | Strony WWW,Strona dla firmy,strona www dla firmy,Phrase
MJ | Search | Strony WWW,Strona dla firmy,strona dla małej firmy,Exact
MJ | Search | Strony WWW,Strona dla firmy,strona dla małej firmy,Phrase
MJ | Search | Strony WWW,Strona dla firmy,strona wizytówka firmy,Exact
MJ | Search | Strony WWW,Strona dla firmy,strona wizytówka firmy,Phrase
MJ | Search | Strony WWW,Strona dla firmy,wykonanie strony internetowej,Exact
MJ | Search | Strony WWW,Strona dla firmy,wykonanie strony internetowej,Phrase
MJ | Search | Strony WWW,Strona dla firmy,zamówienie strony internetowej,Exact
MJ | Search | Strony WWW,Strona dla firmy,zamówienie strony internetowej,Phrase
MJ | Search | Strony WWW,Strona dla firmy,ile kosztuje strona internetowa,Exact
MJ | Search | Strony WWW,Strona dla firmy,ile kosztuje strona internetowa,Phrase
MJ | Search | Strony WWW,Strona dla firmy,zlecę wykonanie strony internetowej,Phrase
MJ | Search | Strony WWW,Strona dla firmy,strona internetowa firmowa,Exact
MJ | Search | Strony WWW,Projekt indywidualny,indywidualny projekt strony internetowej,Exact
MJ | Search | Strony WWW,Projekt indywidualny,indywidualny projekt strony internetowej,Phrase
MJ | Search | Strony WWW,Projekt indywidualny,autorska strona internetowa,Exact
MJ | Search | Strony WWW,Projekt indywidualny,autorska strona internetowa,Phrase
MJ | Search | Strony WWW,Projekt indywidualny,projektowanie stron internetowych,Exact
MJ | Search | Strony WWW,Projekt indywidualny,projektowanie stron internetowych,Phrase
MJ | Search | Strony WWW,Projekt indywidualny,web design,Exact
MJ | Search | Strony WWW,Projekt indywidualny,projektowanie stron www,Phrase
MJ | Search | Strony WWW,Projekt indywidualny,freelancer strony internetowe,Exact
MJ | Search | Strony WWW,Projekt indywidualny,freelancer tworzenie stron,Phrase
MJ | Search | Strony WWW,Projekt indywidualny,projektant stron internetowych,Exact
MJ | Search | Strony WWW,Projekt indywidualny,projektant stron internetowych,Phrase
MJ | Search | Strony WWW,Projekt indywidualny,strona bez szablonu,Exact
MJ | Search | Strony WWW,Projekt indywidualny,strona internetowa bez szablonu,Phrase
MJ | Search | Strony WWW,Projekt indywidualny,projekt strony na zamówienie,Exact
MJ | Search | Strony WWW,Projekt indywidualny,strona internetowa szyta na miarę,Phrase
